{"experiment": "run_082_at_cifar10", "n_seeds": 10, "at_scores": {"resnet_vs_vit": {"mean": 0.2504254173110239, "std": 0.006743979804791306}, "resnet_vs_mixer": {"mean": 0.25122576483137216, "std": 0.05613482939297725}, "vit_vs_mixer": {"mean": 0.08835543285556877, "std": 0.03498942930967467}, "resnet_vs_resnet2": {"mean": 0.028070264425262635, "std": 0.004462562310174369}}, "cka_scores": {"resnet_vs_vit": {"mean": 0.6334409773349762, "std": 0.016567821662010818}, "resnet_vs_mixer": {"mean": 0.6604252815246582, "std": 0.01700236640436263}, "vit_vs_mixer": {"mean": 0.7532648384571076, "std": 0.015198217881630251}, "resnet_vs_resnet2": {"mean": 0.9019701421260834, "std": 0.008706564435961156}}, "cross_vs_same_at": {"cross_mean": 0.1966688716659883, "same_mean": 0.028070264425262635, "t_stat": 31.27212998373629, "p_value": 3.847393453233658e-17}, "layer_wise_at": {"resnet_layer1_vs_vit_block0": {"mean": 0.03419336788489814, "std": 0.003952080923558389}, "resnet_layer2_vs_vit_block2": {"mean": 0.08545151726440339, "std": 0.0049478816735562085}, "resnet_layer3_vs_vit_block4": {"mean": 0.18376547507398114, "std": 0.00648815693391234}, "resnet_layer4_vs_vit_block5": {"mean": 0.25463897556729437, "std": 0.006651183220375917}, "resnet_final_vs_vit_final": {"mean": 0.2504254173110239, "std": 0.006743979804791306}}, "accuracies": {"resnet": {"mean": 0.9326800000000001, "std": 0.001692808317559905}, "vit": {"mean": 0.7870199999999999, "std": 0.008259515724302476}, "mixer": {"mean": 0.8149, "std": 0.0052682065259441}}, "total_time_minutes": 384.4799809853236}
