{
  "experiment": "run_083_at_cifar100",
  "n_seeds": 10,
  "at_scores": {
    "resnet_vs_vit": {
      "mean": 0.29123,
      "std": 0.002919303569917547
    },
    "resnet_vs_mixer": {
      "mean": 0.35552999999999996,
      "std": 0.09102683426086812
    },
    "vit_vs_mixer": {
      "mean": 0.1166,
      "std": 0.07476227509765723
    },
    "resnet_vs_resnet2": {
      "mean": 0.00969,
      "std": 0.0013939950581771169
    }
  },
  "cka_scores": {
    "resnet_vs_vit": {
      "mean": 0.43277,
      "std": 0.037947567628095605
    },
    "resnet_vs_mixer": {
      "mean": 0.47918000000000005,
      "std": 0.033561644774951056
    },
    "vit_vs_mixer": {
      "mean": 0.52762,
      "std": 0.04839166135698265
    },
    "resnet_vs_resnet2": {
      "mean": 0.7449600000000001,
      "std": 0.007220680177256311
    }
  },
  "cross_vs_same_at": {
    "cross_mean": 0.2544533333333333,
    "same_mean": 0.00969,
    "t_stat": 11.000242886853528,
    "p_value": 8.058936442153646e-16
  }
}